IfcAbsorbedDoseMeasure,91
IfcAccelerationMeasure,579
IfcAmountOfSubstanceMeasure,293
IfcAngularVelocityMeasure,578
IfcAreaMeasure,218
IfcBoolean,616
IfcBoxAlignment,188
IfcComplexNumber,650
IfcCompoundPlaneAngleMeasure,255
IfcContextDependentMeasure,617
IfcCountMeasure,217
IfcCurvatureMeasure,647
IfcDayInMonthNumber,194
IfcDaylightSavingHour,624
IfcDescriptiveMeasure,131
IfcDimensionCount,523
IfcDoseEquivalentMeasure,401
IfcDynamicViscosityMeasure,646
IfcElectricCapacitanceMeasure,577
IfcElectricChargeMeasure,233
IfcElectricConductanceMeasure,296
IfcElectricCurrentMeasure,55
IfcElectricResistanceMeasure,269
IfcElectricVoltageMeasure,183
IfcEnergyMeasure,331
IfcFontStyle,434
IfcFontVariant,403
IfcFontWeight,580
IfcForceMeasure,363
IfcFrequencyMeasure,330
IfcGloballyUniqueId,443
IfcHeatFluxDensityMeasure,473
IfcHeatingValueMeasure,576
IfcHourInDay,341
IfcIdentifier,615
IfcIlluminanceMeasure,130
IfcInductanceMeasure,400
IfcInteger,362
IfcIntegerCountRateMeasure,129
IfcIonConcentrationMeasure,541
IfcIsothermalMoistureCapacityMeasure,232
IfcKinematicViscosityMeasure,472
IfcLabel,128
IfcLengthMeasure,409
IfcLinearForceMeasure,361
IfcLinearMomentMeasure,682
IfcLinearStiffnessMeasure,399
IfcLinearVelocityMeasure,398
IfcLogical,54
IfcLuminousFluxMeasure,681
IfcLuminousIntensityDistributionMeasure,182
IfcLuminousIntensityMeasure,540
IfcMagneticFluxDensityMeasure,471
IfcMagneticFluxMeasure,433
IfcMassDensityMeasure,507
IfcMassFlowRateMeasure,127
IfcMassMeasure,216
IfcMassPerLengthMeasure,432
IfcMinuteInHour,657
IfcModulusOfElasticityMeasure,329
IfcModulusOfLinearSubgradeReactionMeasure,614
IfcModulusOfRotationalSubgradeReactionMeasure,613
IfcModulusOfSubgradeReactionMeasure,126
IfcMoistureDiffusivityMeasure,53
IfcMolecularWeightMeasure,397
IfcMomentOfInertiaMeasure,328
IfcMonetaryMeasure,567
IfcMonthInYearNumber,193
IfcNormalisedRatioMeasure,635
IfcNumericMeasure,645
IfcPHMeasure,292
IfcParameterValue,52
IfcPlanarForceMeasure,431
IfcPlaneAngleMeasure,612
IfcPositiveLengthMeasure,445
IfcPositivePlaneAngleMeasure,680
IfcPositiveRatioMeasure,387
IfcPowerMeasure,327
IfcPresentableText,543
IfcPressureMeasure,291
IfcRadioActivityMeasure,539
IfcRatioMeasure,606
IfcReal,538
IfcRotationalFrequencyMeasure,430
IfcRotationalMassMeasure,644
IfcRotationalStiffnessMeasure,679
IfcSecondInMinute,656
IfcSectionModulusMeasure,231
IfcSectionalAreaIntegralMeasure,506
IfcShearModulusMeasure,429
IfcSolidAngleMeasure,181
IfcSoundPowerMeasure,505
IfcSoundPressureMeasure,326
IfcSpecificHeatCapacityMeasure,51
IfcSpecularExponent,325
IfcSpecularRoughness,772
IfcTemperatureGradientMeasure,268
IfcText,537
IfcTextAlignment,583
IfcTextDecoration,582
IfcTextFontName,542
IfcTextTransformation,404
IfcThermalAdmittanceMeasure,125
IfcThermalConductivityMeasure,50
IfcThermalExpansionCoefficientMeasure,575
IfcThermalResistanceMeasure,124
IfcThermalTransmittanceMeasure,678
IfcThermodynamicTemperatureMeasure,428
IfcTimeMeasure,6
IfcTimeStamp,605
IfcTorqueMeasure,123
IfcVaporPermeabilityMeasure,267
IfcVolumeMeasure,314
IfcVolumetricFlowRateMeasure,677
IfcWarpingConstantMeasure,470
IfcWarpingMomentMeasure,49
IfcYearNumber,451
IfcNullStyle,566
IfcActionSourceTypeEnum,773
IfcActionTypeEnum,774
IfcActuatorTypeEnum,775
IfcAddressTypeEnum,776
IfcAheadOrBehind,777
IfcAirTerminalBoxTypeEnum,778
IfcAirTerminalTypeEnum,779
IfcAirToAirHeatRecoveryTypeEnum,780
IfcAlarmTypeEnum,781
IfcAnalysisModelTypeEnum,782
IfcAnalysisTheoryTypeEnum,783
IfcArithmeticOperatorEnum,784
IfcAssemblyPlaceEnum,785
IfcBSplineCurveForm,786
IfcBeamTypeEnum,787
IfcBenchmarkEnum,788
IfcBoilerTypeEnum,789
IfcBooleanOperator,790
IfcBuildingElementProxyTypeEnum,791
IfcCableCarrierFittingTypeEnum,792
IfcCableCarrierSegmentTypeEnum,793
IfcCableSegmentTypeEnum,794
IfcChangeActionEnum,795
IfcChillerTypeEnum,796
IfcCoilTypeEnum,797
IfcColumnTypeEnum,798
IfcCompressorTypeEnum,799
IfcCondenserTypeEnum,800
IfcConnectionTypeEnum,801
IfcConstraintEnum,802
IfcControllerTypeEnum,803
IfcCooledBeamTypeEnum,804
IfcCoolingTowerTypeEnum,805
IfcCostScheduleTypeEnum,806
IfcCoveringTypeEnum,807
IfcCurrencyEnum,808
IfcCurtainWallTypeEnum,809
IfcDamperTypeEnum,810
IfcDataOriginEnum,811
IfcDerivedUnitEnum,812
IfcDimensionExtentUsage,813
IfcDirectionSenseEnum,814
IfcDistributionChamberElementTypeEnum,815
IfcDocumentConfidentialityEnum,816
IfcDocumentStatusEnum,817
IfcDoorPanelOperationEnum,818
IfcDoorPanelPositionEnum,819
IfcDoorStyleConstructionEnum,820
IfcDoorStyleOperationEnum,821
IfcDuctFittingTypeEnum,822
IfcDuctSegmentTypeEnum,823
IfcDuctSilencerTypeEnum,824
IfcElectricApplianceTypeEnum,825
IfcElectricCurrentEnum,826
IfcElectricDistributionPointFunctionEnum,827
IfcElectricFlowStorageDeviceTypeEnum,828
IfcElectricGeneratorTypeEnum,829
IfcElectricHeaterTypeEnum,830
IfcElectricMotorTypeEnum,831
IfcElectricTimeControlTypeEnum,832
IfcElementAssemblyTypeEnum,833
IfcElementCompositionEnum,834
IfcEnergySequenceEnum,835
IfcEnvironmentalImpactCategoryEnum,836
IfcEvaporativeCoolerTypeEnum,837
IfcEvaporatorTypeEnum,838
IfcFanTypeEnum,839
IfcFilterTypeEnum,840
IfcFireSuppressionTerminalTypeEnum,841
IfcFlowDirectionEnum,842
IfcFlowInstrumentTypeEnum,843
IfcFlowMeterTypeEnum,844
IfcFootingTypeEnum,845
IfcGasTerminalTypeEnum,846
IfcGeometricProjectionEnum,847
IfcGlobalOrLocalEnum,848
IfcHeatExchangerTypeEnum,849
IfcHumidifierTypeEnum,850
IfcInternalOrExternalEnum,851
IfcInventoryTypeEnum,852
IfcJunctionBoxTypeEnum,853
IfcLampTypeEnum,854
IfcLayerSetDirectionEnum,855
IfcLightDistributionCurveEnum,856
IfcLightEmissionSourceEnum,857
IfcLightFixtureTypeEnum,858
IfcLoadGroupTypeEnum,859
IfcLogicalOperatorEnum,860
IfcMemberTypeEnum,861
IfcMotorConnectionTypeEnum,862
IfcNullStyleEnum,863
IfcObjectTypeEnum,864
IfcObjectiveEnum,865
IfcOccupantTypeEnum,866
IfcOutletTypeEnum,867
IfcPermeableCoveringOperationEnum,868
IfcPhysicalOrVirtualEnum,869
IfcPileConstructionEnum,870
IfcPileTypeEnum,871
IfcPipeFittingTypeEnum,872
IfcPipeSegmentTypeEnum,873
IfcPlateTypeEnum,874
IfcProcedureTypeEnum,875
IfcProfileTypeEnum,876
IfcProjectOrderRecordTypeEnum,877
IfcProjectOrderTypeEnum,878
IfcProjectedOrTrueLengthEnum,879
IfcPropertySourceEnum,880
IfcProtectiveDeviceTypeEnum,881
IfcPumpTypeEnum,882
IfcRailingTypeEnum,883
IfcRampFlightTypeEnum,884
IfcRampTypeEnum,885
IfcReflectanceMethodEnum,886
IfcReinforcingBarRoleEnum,887
IfcReinforcingBarSurfaceEnum,888
IfcResourceConsumptionEnum,889
IfcRibPlateDirectionEnum,890
IfcRoleEnum,891
IfcRoofTypeEnum,892
IfcSIPrefix,893
IfcSIUnitName,894
IfcSanitaryTerminalTypeEnum,895
IfcSectionTypeEnum,896
IfcSensorTypeEnum,897
IfcSequenceEnum,898
IfcServiceLifeFactorTypeEnum,899
IfcServiceLifeTypeEnum,900
IfcSlabTypeEnum,901
IfcSoundScaleEnum,902
IfcSpaceHeaterTypeEnum,903
IfcSpaceTypeEnum,904
IfcStackTerminalTypeEnum,905
IfcStairFlightTypeEnum,906
IfcStairTypeEnum,907
IfcStateEnum,908
IfcStructuralCurveTypeEnum,909
IfcStructuralSurfaceTypeEnum,910
IfcSurfaceSide,911
IfcSurfaceTextureEnum,912
IfcSwitchingDeviceTypeEnum,913
IfcTankTypeEnum,914
IfcTendonTypeEnum,915
IfcTextPath,916
IfcThermalLoadSourceEnum,917
IfcThermalLoadTypeEnum,918
IfcTimeSeriesDataTypeEnum,919
IfcTimeSeriesScheduleTypeEnum,920
IfcTransformerTypeEnum,921
IfcTransitionCode,922
IfcTransportElementTypeEnum,923
IfcTrimmingPreference,924
IfcTubeBundleTypeEnum,925
IfcUnitEnum,926
IfcUnitaryEquipmentTypeEnum,927
IfcValveTypeEnum,928
IfcVibrationIsolatorTypeEnum,929
IfcWallTypeEnum,930
IfcWasteTerminalTypeEnum,931
IfcWindowPanelOperationEnum,932
IfcWindowPanelPositionEnum,933
IfcWindowStyleConstructionEnum,934
IfcWindowStyleOperationEnum,935
IfcWorkControlTypeEnum,936
IfcActorSelect,937
IfcAppliedValueSelect,938
IfcAxis2Placement,939
IfcBooleanOperand,940
IfcCharacterStyleSelect,941
IfcClassificationNotationSelect,942
IfcColour,943
IfcColourOrFactor,944
IfcConditionCriterionSelect,945
IfcCsgSelect,946
IfcCurveFontOrScaledCurveFontSelect,947
IfcCurveOrEdgeCurve,948
IfcCurveStyleFontSelect,949
IfcDateTimeSelect,950
IfcDefinedSymbolSelect,951
IfcDerivedMeasureValue,952
IfcDocumentSelect,953
IfcDraughtingCalloutElement,954
IfcFillAreaStyleTileShapeSelect,955
IfcFillStyleSelect,956
IfcGeometricSetSelect,957
IfcHatchLineDistanceSelect,958
IfcLayeredItem,959
IfcLibrarySelect,960
IfcLightDistributionDataSourceSelect,961
IfcMaterialSelect,962
IfcMeasureValue,963
IfcMetricValueSelect,964
IfcObjectReferenceSelect,965
IfcOrientationSelect,966
IfcPointOrVertexPoint,967
IfcPresentationStyleSelect,968
IfcShell,969
IfcSimpleValue,970
IfcSizeSelect,971
IfcSpecularHighlightSelect,972
IfcStructuralActivityAssignmentSelect,973
IfcSurfaceOrFaceSurface,974
IfcSurfaceStyleElementSelect,975
IfcSymbolStyleSelect,976
IfcTextFontSelect,977
IfcTextStyleSelect,978
IfcTrimmingSelect,979
IfcUnit,980
IfcValue,981
IfcVectorOrDirection,982
Ifc2DCompositeCurve,524
IfcActionRequest,516
IfcActor,250
IfcActorRole,595
IfcActuatorType,485
IfcAddress,554
IfcAirTerminalBoxType,332
IfcAirTerminalType,271
IfcAirToAirHeatRecoveryType,588
IfcAlarmType,275
IfcAngularDimension,738
IfcAnnotation,634
IfcAnnotationCurveOccurrence,57
IfcAnnotationFillArea,173
IfcAnnotationFillAreaOccurrence,544
IfcAnnotationOccurrence,58
IfcAnnotationSurface,731
IfcAnnotationSurfaceOccurrence,509
IfcAnnotationSymbolOccurrence,134
IfcAnnotationTextOccurrence,122
IfcApplication,627
IfcAppliedValue,79
IfcAppliedValueRelationship,691
IfcApproval,626
IfcApprovalActorRelationship,442
IfcApprovalPropertyRelationship,376
IfcApprovalRelationship,552
IfcArbitraryClosedProfileDef,115
IfcArbitraryOpenProfileDef,219
IfcArbitraryProfileDefWithVoids,116
IfcAsset,767
IfcAsymmetricIShapeProfileDef,672
IfcAxis1Placement,280
IfcAxis2Placement2D,411
IfcAxis2Placement3D,448
IfcBSplineCurve,167
IfcBeam,171
IfcBeamType,632
IfcBezierCurve,166
IfcBlobTexture,723
IfcBlock,702
IfcBoilerType,142
IfcBooleanClippingResult,340
IfcBooleanResult,339
IfcBoundaryCondition,320
IfcBoundaryEdgeCondition,319
IfcBoundaryFaceCondition,674
IfcBoundaryNodeCondition,394
IfcBoundaryNodeConditionWarping,395
IfcBoundedCurve,144
IfcBoundedSurface,335
IfcBoundingBox,151
IfcBoxedHalfSpace,655
IfcBuilding,169
IfcBuildingElement,26
IfcBuildingElementComponent,221
IfcBuildingElementPart,220
IfcBuildingElementProxy,560
IfcBuildingElementProxyType,107
IfcBuildingElementType,108
IfcBuildingStorey,459
IfcCShapeProfileDef,501
IfcCableCarrierFittingType,689
IfcCableCarrierSegmentType,301
IfcCableSegmentType,77
IfcCalendarDate,407
IfcCartesianPoint,410
IfcCartesianTransformationOperator,146
IfcCartesianTransformationOperator2D,145
IfcCartesianTransformationOperator2DnonUniform,147
IfcCartesianTransformationOperator3D,337
IfcCartesianTransformationOperator3DnonUniform,479
IfcCenterLineProfileDef,353
IfcChamferEdgeFeature,765
IfcChillerType,368
IfcCircle,336
IfcCircleHollowProfileDef,114
IfcCircleProfileDef,113
IfcClassification,412
IfcClassificationItem,14
IfcClassificationItemRelationship,210
IfcClassificationNotation,13
IfcClassificationNotationFacet,251
IfcClassificationReference,209
IfcClosedShell,161
IfcCoilType,622
IfcColourRgb,27
IfcColourSpecification,28
IfcColumn,383
IfcColumnType,214
IfcComplexProperty,379
IfcCompositeCurve,279
IfcCompositeCurveSegment,460
IfcCompositeProfileDef,172
IfcCompressorType,586
IfcCondenserType,297
IfcCondition,482
IfcConditionCriterion,688
IfcConic,299
IfcConnectedFaceSet,160
IfcConnectionCurveGeometry,590
IfcConnectionGeometry,70
IfcConnectionPointEccentricity,405
IfcConnectionPointGeometry,71
IfcConnectionPortGeometry,713
IfcConnectionSurfaceGeometry,69
IfcConstraint,81
IfcConstraintAggregationRelationship,82
IfcConstraintClassificationRelationship,274
IfcConstraintRelationship,374
IfcConstructionEquipmentResource,408
IfcConstructionMaterialResource,243
IfcConstructionProductResource,660
IfcConstructionResource,157
IfcContextDependentUnit,304
IfcControl,76
IfcControllerType,484
IfcConversionBasedUnit,92
IfcCooledBeamType,367
IfcCoolingTowerType,478
IfcCoordinatedUniversalTimeOffset,690
IfcCostItem,694
IfcCostSchedule,695
IfcCostValue,658
IfcCovering,382
IfcCoveringType,565
IfcCraneRailAShapeProfileDef,257
IfcCraneRailFShapeProfileDef,112
IfcCrewResource,659
IfcCsgPrimitive3D,714
IfcCsgSolid,548
IfcCurrencyRelationship,195
IfcCurtainWall,456
IfcCurtainWallType,494
IfcCurve,68
IfcCurveBoundedPlane,334
IfcCurveStyle,118
IfcCurveStyleFont,223
IfcCurveStyleFontAndScaling,569
IfcCurveStyleFontPattern,637
IfcDamperType,514
IfcDateAndTime,373
IfcDefinedSymbol,461
IfcDerivedProfileDef,390
IfcDerivedUnit,630
IfcDerivedUnitElement,380
IfcDiameterDimension,739
IfcDimensionCalloutRelationship,741
IfcDimensionCurve,742
IfcDimensionCurveDirectedCallout,737
IfcDimensionCurveTerminator,744
IfcDimensionPair,745
IfcDimensionalExponents,303
IfcDirection,344
IfcDiscreteAccessory,423
IfcDiscreteAccessoryType,135
IfcDistributionChamberElement,180
IfcDistributionChamberElementType,396
IfcDistributionControlElement,468
IfcDistributionControlElementType,197
IfcDistributionElement,44
IfcDistributionElementType,47
IfcDistributionFlowElement,45
IfcDistributionFlowElementType,61
IfcDistributionPort,178
IfcDocumentElectronicFormat,599
IfcDocumentInformation,208
IfcDocumentInformationRelationship,491
IfcDocumentReference,450
IfcDoor,213
IfcDoorLiningProperties,493
IfcDoorPanelProperties,602
IfcDoorStyle,492
IfcDraughtingCallout,222
IfcDraughtingCalloutRelationship,740
IfcDraughtingPreDefinedColour,607
IfcDraughtingPreDefinedCurveFont,286
IfcDraughtingPreDefinedTextFont,761
IfcDuctFittingType,686
IfcDuctSegmentType,270
IfcDuctSilencerType,141
IfcEdge,202
IfcEdgeCurve,203
IfcEdgeFeature,764
IfcEdgeLoop,302
IfcElectricApplianceType,192
IfcElectricDistributionPoint,242
IfcElectricFlowStorageDeviceType,372
IfcElectricGeneratorType,241
IfcElectricHeaterType,190
IfcElectricMotorType,370
IfcElectricTimeControlType,273
IfcElectricalBaseProperties,177
IfcElectricalCircuit,406
IfcElectricalElement,23
IfcElement,19
IfcElementAssembly,18
IfcElementComponent,424
IfcElementComponentType,136
IfcElementQuantity,458
IfcElementType,48
IfcElementarySurface,389
IfcEllipse,298
IfcEllipseProfileDef,285
IfcEnergyConversionDevice,175
IfcEnergyConversionDeviceType,60
IfcEnergyProperties,176
IfcEnvironmentalImpactValue,78
IfcEquipmentElement,212
IfcEquipmentStandard,152
IfcEvaporativeCoolerType,621
IfcEvaporatorType,513
IfcExtendedMaterialProperties,585
IfcExternalReference,133
IfcExternallyDefinedHatchStyle,724
IfcExternallyDefinedSurfaceStyle,318
IfcExternallyDefinedSymbol,391
IfcExternallyDefinedTextFont,132
IfcExtrudedAreaSolid,238
IfcFace,83
IfcFaceBasedSurfaceModel,438
IfcFaceBound,86
IfcFaceOuterBound,201
IfcFaceSurface,85
IfcFacetedBrep,148
IfcFacetedBrepWithVoids,369
IfcFailureConnectionCondition,640
IfcFanType,651
IfcFastener,535
IfcFastenerType,642
IfcFeatureElement,386
IfcFeatureElementAddition,385
IfcFeatureElementSubtraction,499
IfcFillAreaStyle,33
IfcFillAreaStyleHatching,462
IfcFillAreaStyleTileSymbolWithStyle,726
IfcFillAreaStyleTiles,725
IfcFilterType,139
IfcFireSuppressionTerminalType,477
IfcFlowController,121
IfcFlowControllerType,154
IfcFlowFitting,467
IfcFlowFittingType,512
IfcFlowInstrumentType,196
IfcFlowMeterType,366
IfcFlowMovingDevice,502
IfcFlowMovingDeviceType,587
IfcFlowSegment,574
IfcFlowSegmentType,63
IfcFlowStorageDevice,371
IfcFlowStorageDeviceType,620
IfcFlowTerminal,46
IfcFlowTerminalType,191
IfcFlowTreatmentDevice,425
IfcFlowTreatmentDeviceType,140
IfcFluidFlowProperties,466
IfcFooting,120
IfcFuelProperties,715
IfcFurnishingElement,253
IfcFurnishingElementType,358
IfcFurnitureStandard,75
IfcFurnitureType,359
IfcGasTerminalType,701
IfcGeneralMaterialProperties,716
IfcGeneralProfileProperties,648
IfcGeometricCurveSet,237
IfcGeometricRepresentationContext,555
IfcGeometricRepresentationItem,30
IfcGeometricRepresentationSubContext,556
IfcGeometricSet,236
IfcGrid,564
IfcGridAxis,441
IfcGridPlacement,439
IfcGroup,228
IfcHalfSpaceSolid,338
IfcHeatExchangerType,365
IfcHumidifierType,64
IfcHygroscopicMaterialProperties,717
IfcIShapeProfileDef,352
IfcImageTexture,727
IfcInventory,768
IfcIrregularTimeSeries,570
IfcIrregularTimeSeriesValue,609
IfcJunctionBoxType,593
IfcLShapeProfileDef,284
IfcLaborResource,156
IfcLampType,592
IfcLibraryInformation,449
IfcLibraryReference,598
IfcLightDistributionData,753
IfcLightFixtureType,517
IfcLightIntensityDistribution,754
IfcLightSource,755
IfcLightSourceAmbient,756
IfcLightSourceDirectional,757
IfcLightSourceGoniometric,758
IfcLightSourcePositional,759
IfcLightSourceSpot,760
IfcLine,272
IfcLinearDimension,746
IfcLocalPlacement,481
IfcLocalTime,483
IfcLoop,199
IfcManifoldSolidBrep,149
IfcMappedItem,333
IfcMaterial,94
IfcMaterialClassificationRelationship,8
IfcMaterialDefinitionRepresentation,2
IfcMaterialLayer,446
IfcMaterialLayerSet,205
IfcMaterialLayerSetUsage,165
IfcMaterialList,246
IfcMaterialProperties,437
IfcMeasureWithUnit,7
IfcMechanicalConcreteMaterialProperties,693
IfcMechanicalFastener,536
IfcMechanicalFastenerType,643
IfcMechanicalMaterialProperties,436
IfcMechanicalSteelMaterialProperties,510
IfcMember,310
IfcMemberType,601
IfcMetric,80
IfcMonetaryUnit,545
IfcMotorConnectionType,155
IfcMove,74
IfcNamedUnit,93
IfcObject,21
IfcObjectDefinition,22
IfcObjectPlacement,440
IfcObjective,518
IfcOccupant,641
IfcOffsetCurve2D,687
IfcOffsetCurve3D,67
IfcOneDirectionRepeatFactor,32
IfcOpenShell,488
IfcOpeningElement,498
IfcOpticalMaterialProperties,718
IfcOrderAction,591
IfcOrganization,276
IfcOrganizationRelationship,486
IfcOrientedEdge,596
IfcOutletType,240
IfcOwnerHistory,519
IfcParameterizedProfileDef,104
IfcPath,771
IfcPerformanceHistory,710
IfcPermeableCoveringProperties,707
IfcPermit,189
IfcPerson,198
IfcPersonAndOrganization,663
IfcPhysicalComplexQuantity,604
IfcPhysicalQuantity,102
IfcPhysicalSimpleQuantity,101
IfcPile,572
IfcPipeFittingType,511
IfcPipeSegmentType,62
IfcPixelTexture,728
IfcPlacement,281
IfcPlanarBox,762
IfcPlanarExtent,469
IfcPlane,388
IfcPlate,351
IfcPlateType,526
IfcPoint,66
IfcPointOnCurve,654
IfcPointOnSurface,65
IfcPolyLoop,200
IfcPolygonalBoundedHalfSpace,623
IfcPolyline,500
IfcPort,179
IfcPostalAddress,662
IfcPreDefinedColour,608
IfcPreDefinedCurveFont,287
IfcPreDefinedDimensionSymbol,747
IfcPreDefinedItem,288
IfcPreDefinedPointMarkerSymbol,748
IfcPreDefinedSymbol,568
IfcPreDefinedTerminatorSymbol,749
IfcPreDefinedTextFont,504
IfcPresentationLayerAssignment,258
IfcPresentationLayerWithStyle,259
IfcPresentationStyle,34
IfcPresentationStyleAssignment,584
IfcProcedure,294
IfcProcess,73
IfcProduct,20
IfcProductDefinitionShape,90
IfcProductRepresentation,1
IfcProductsOfCombustionProperties,719
IfcProfileDef,105
IfcProfileProperties,649
IfcProject,204
IfcProjectOrder,696
IfcProjectOrderRecord,697
IfcProjectionCurve,750
IfcProjectionElement,384
IfcProperty,5
IfcPropertyBoundedValue,3
IfcPropertyConstraintRelationship,625
IfcPropertyDefinition,98
IfcPropertyDependencyRelationship,444
IfcPropertyEnumeratedValue,629
IfcPropertyEnumeration,597
IfcPropertyListValue,489
IfcPropertyReferenceValue,277
IfcPropertySet,666
IfcPropertySetDefinition,97
IfcPropertySingleValue,628
IfcPropertyTableValue,557
IfcProtectiveDeviceType,550
IfcProxy,447
IfcPumpType,685
IfcQuantityArea,495
IfcQuantityCount,457
IfcQuantityLength,527
IfcQuantityTime,254
IfcQuantityVolume,100
IfcQuantityWeight,603
IfcRadiusDimension,751
IfcRailing,350
IfcRailingType,415
IfcRamp,414
IfcRampFlight,348
IfcRampFlightType,283
IfcRationalBezierCurve,546
IfcRectangleHollowProfileDef,562
IfcRectangleProfileDef,103
IfcRectangularPyramid,705
IfcRectangularTrimmedSurface,653
IfcReferencesValueDocument,551
IfcRegularTimeSeries,417
IfcReinforcementBarProperties,684
IfcReinforcementDefinitionProperties,263
IfcReinforcingBar,571
IfcReinforcingElement,262
IfcReinforcingMesh,531
IfcRelAggregates,631
IfcRelAssigns,10
IfcRelAssignsTasks,618
IfcRelAssignsToActor,323
IfcRelAssignsToControl,558
IfcRelAssignsToGroup,278
IfcRelAssignsToProcess,249
IfcRelAssignsToProduct,309
IfcRelAssignsToProjectOrder,698
IfcRelAssignsToResource,9
IfcRelAssociates,308
IfcRelAssociatesAppliedValue,699
IfcRelAssociatesApproval,342
IfcRelAssociatesClassification,343
IfcRelAssociatesConstraint,711
IfcRelAssociatesDocument,307
IfcRelAssociatesLibrary,522
IfcRelAssociatesMaterial,497
IfcRelAssociatesProfileProperties,676
IfcRelConnects,16
IfcRelConnectsElements,312
IfcRelConnectsPathElements,668
IfcRelConnectsPortToElement,633
IfcRelConnectsPorts,215
IfcRelConnectsStructuralActivity,211
IfcRelConnectsStructuralElement,413
IfcRelConnectsStructuralMember,321
IfcRelConnectsWithEccentricity,322
IfcRelConnectsWithRealizingElements,313
IfcRelContainedInSpatialStructure,559
IfcRelCoversBldgElements,24
IfcRelCoversSpaces,17
IfcRelDecomposes,306
IfcRelDefines,207
IfcRelDefinesByProperties,247
IfcRelDefinesByType,206
IfcRelFillsElement,563
IfcRelFlowControlElements,360
IfcRelInteractionRequirements,708
IfcRelNests,305
IfcRelOccupiesSpaces,324
IfcRelOverridesProperties,248
IfcRelProjectsElement,311
IfcRelReferencedInSpatialStructure,455
IfcRelSchedulesCostItems,700
IfcRelSequence,490
IfcRelServicesBuildings,600
IfcRelSpaceBoundary,15
IfcRelVoidsElement,496
IfcRelationship,11
IfcRelaxation,364
IfcRepresentation,87
IfcRepresentationContext,378
IfcRepresentationItem,31
IfcRepresentationMap,95
IfcResource,158
IfcRevolvedAreaSolid,515
IfcRibPlateProfileProperties,763
IfcRightCircularCone,703
IfcRightCircularCylinder,704
IfcRoof,347
IfcRoot,12
IfcRoundedEdgeFeature,766
IfcRoundedRectangleProfileDef,106
IfcSIUnit,164
IfcSanitaryTerminalType,435
IfcScheduleTimeControl,402
IfcSectionProperties,184
IfcSectionReinforcementProperties,508
IfcSectionedSpine,300
IfcSensorType,375
IfcServiceLife,769
IfcServiceLifeFactor,770
IfcShapeAspect,665
IfcShapeModel,89
IfcShapeRepresentation,664
IfcShellBasedSurfaceModel,235
IfcSimpleProperty,4
IfcSite,349
IfcSlab,99
IfcSlabType,381
IfcSlippageConnectionCondition,638
IfcSolidModel,150
IfcSoundProperties,474
IfcSoundValue,266
IfcSpace,454
IfcSpaceHeaterType,59
IfcSpaceProgram,709
IfcSpaceThermalLoadProperties,610
IfcSpaceType,529
IfcSpatialStructureElement,170
IfcSpatialStructureElementType,530
IfcSphere,706
IfcStackTerminalType,476
IfcStair,346
IfcStairFlight,25
IfcStairFlightType,525
IfcStructuralAction,40
IfcStructuralActivity,41
IfcStructuralAnalysisModel,230
IfcStructuralConnection,265
IfcStructuralConnectionCondition,639
IfcStructuralCurveConnection,534
IfcStructuralCurveMember,224
IfcStructuralCurveMemberVarying,227
IfcStructuralItem,226
IfcStructuralLinearAction,463
IfcStructuralLinearActionVarying,464
IfcStructuralLoad,38
IfcStructuralLoadGroup,573
IfcStructuralLoadLinearForce,419
IfcStructuralLoadPlanarForce,174
IfcStructuralLoadSingleDisplacement,289
IfcStructuralLoadSingleDisplacementDistortion,290
IfcStructuralLoadSingleForce,119
IfcStructuralLoadSingleForceWarping,393
IfcStructuralLoadStatic,37
IfcStructuralLoadTemperature,36
IfcStructuralMember,225
IfcStructuralPlanarAction,39
IfcStructuralPlanarActionVarying,357
IfcStructuralPointAction,356
IfcStructuralPointConnection,533
IfcStructuralPointReaction,354
IfcStructuralProfileProperties,683
IfcStructuralReaction,355
IfcStructuralResultGroup,532
IfcStructuralSteelProfileProperties,692
IfcStructuralSurfaceConnection,264
IfcStructuralSurfaceMember,420
IfcStructuralSurfaceMemberVarying,421
IfcStructuredDimensionCallout,752
IfcStyleModel,163
IfcStyledItem,56
IfcStyledRepresentation,162
IfcSubContractResource,594
IfcSubedge,487
IfcSurface,111
IfcSurfaceCurveSweptAreaSolid,480
IfcSurfaceOfLinearExtrusion,256
IfcSurfaceOfRevolution,109
IfcSurfaceStyle,260
IfcSurfaceStyleLighting,117
IfcSurfaceStyleRefraction,636
IfcSurfaceStyleRendering,317
IfcSurfaceStyleShading,316
IfcSurfaceStyleWithTextures,392
IfcSurfaceTexture,722
IfcSweptAreaSolid,239
IfcSweptDiskSolid,547
IfcSweptSurface,110
IfcSwitchingDeviceType,153
IfcSymbolStyle,729
IfcSystem,229
IfcSystemFurnitureElementType,422
IfcTShapeProfileDef,671
IfcTable,377
IfcTableRow,661
IfcTankType,619
IfcTask,72
IfcTelecomAddress,553
IfcTendon,261
IfcTendonAnchor,675
IfcTerminatorSymbol,743
IfcTextLiteral,29
IfcTextLiteralWithExtent,426
IfcTextStyle,427
IfcTextStyleFontModel,503
IfcTextStyleForDefinedFont,611
IfcTextStyleTextModel,581
IfcTextStyleWithBoxCharacteristics,730
IfcTextureCoordinate,732
IfcTextureCoordinateGenerator,733
IfcTextureMap,734
IfcTextureVertex,735
IfcThermalMaterialProperties,720
IfcTimeSeries,418
IfcTimeSeriesReferenceRelationship,673
IfcTimeSeriesSchedule,712
IfcTimeSeriesValue,35
IfcTopologicalRepresentationItem,84
IfcTopologyRepresentation,88
IfcTransformerType,549
IfcTransportElement,416
IfcTransportElementType,475
IfcTrapeziumProfileDef,561
IfcTrimmedCurve,143
IfcTubeBundleType,138
IfcTwoDirectionRepeatFactor,315
IfcTypeObject,42
IfcTypeProduct,43
IfcUShapeProfileDef,670
IfcUnitAssignment,245
IfcUnitaryEquipmentType,234
IfcValveType,465
IfcVector,652
IfcVertex,520
IfcVertexBasedTextureMap,736
IfcVertexLoop,244
IfcVertexPoint,521
IfcVibrationIsolatorType,137
IfcVirtualElement,168
IfcVirtualGridIntersection,589
IfcWall,452
IfcWallStandardCase,453
IfcWallType,282
IfcWasteTerminalType,295
IfcWaterProperties,721
IfcWindow,667
IfcWindowLiningProperties,252
IfcWindowPanelProperties,96
IfcWindowStyle,345
IfcWorkControl,185
IfcWorkPlan,187
IfcWorkSchedule,186
IfcZShapeProfileDef,528
IfcZone,669
